'<?xml version="1.0" encoding="UTF-8"?>\n<rpc-reply xmlns="urn:ietf:params:xml:ns:netconf:base:1.0" message-id="urn:uuid:522bd470-d8b7-4cdb-a152-9fa8cfe1b8cc" 
    xmlns:nc="urn:ietf:params:xml:ns:netconf:base:1.0">
    <data>
        <interfaces xmlns="urn:ietf:params:xml:ns:yang:ietf-interfaces">
            <interface>
                <name xmlns:nc=\'urn:ietf:params:xml:ns:netconf:base:1.0\'>GigabitEthernet2</name>
                <description>Network Interface</description>
                <type xmlns:ianaift="urn:ietf:params:xml:ns:yang:iana-if-type">ianaift:ethernetCsmacd</type>
                <enabled>false</enabled>
                <ipv4 xmlns="urn:ietf:params:xml:ns:yang:ietf-ip"></ipv4>
                <ipv6 xmlns="urn:ietf:params:xml:ns:yang:ietf-ip"></ipv6>
            </interface>
        </interfaces>
        <interfaces-state xmlns="urn:ietf:params:xml:ns:yang:ietf-interfaces">
            <interface>
                <name xmlns:nc=\'urn:ietf:params:xml:ns:netconf:base:1.0\'>GigabitEthernet2</name>
                <type xmlns:ianaift="urn:ietf:params:xml:ns:yang:iana-if-type">ianaift:ethernetCsmacd</type>
                <admin-status>down</admin-status>
                <oper-status>down</oper-status>
                <last-change>2019-10-02T17:52:33.000432+00:00</last-change>
                <if-index>2</if-index>
                <phys-address>00:50:56:bb:77:1a</phys-address>
                <speed>1024000000</speed>
                <statistics>
                    <discontinuity-time>2019-10-02T17:51:17.000634+00:00</discontinuity-time>
                    <in-octets>0</in-octets>
                    <in-unicast-pkts>0</in-unicast-pkts>
                    <in-broadcast-pkts>0</in-broadcast-pkts>
                    <in-multicast-pkts>0</in-multicast-pkts>
                    <in-discards>0</in-discards>
                    <in-errors>0</in-errors>
                    <in-unknown-protos>0</in-unknown-protos>
                    <out-octets>0</out-octets>
                    <out-unicast-pkts>0</out-unicast-pkts>
                    <out-broadcast-pkts>0</out-broadcast-pkts>
                    <out-multicast-pkts>0</out-multicast-pkts>
                    <out-discards>0</out-discards>
                    <out-errors>0</out-errors>
                </statistics>
            </interface>
        </interfaces-state>
    </data>
</rpc-reply>'