<?xml version="1.0" encoding="UTF-8"?>
<People>
    <Person Id="1">
        <FirstName>Benjamin</FirstName>
        <LastName>Finkel</LastName>
        <Email>ben.finkel@cbtnuggets.com</Email>
    </Person>

    <Person Id="2">
        <FirstName>Jane</FirstName>
        <LastName>Doe</LastName>
        <Email>jane.doe@cbtnuggets.com</Email>
    </Person>

    <Person Id="3">
        <FirstName>Pat</FirstName>
        <LastName>Smith</LastName>
        <Email>pat.smith@cbtnuggets.com</Email>
    </Person>
            
</People>



